{
    "calt": "ignore",
    "cv01": "freeze",
    "cv02": "ignore",
    "cv03": "freeze",
    "cv04": "ignore",
    "cv05": "ignore",
    "cv06": "freeze",
    "cv07": "freeze",
    "cv08": "ignore",
    "cv09": "ignore",
    "cv10": "ignore",
    "cv11": "ignore",
    "cv31": "ignore",
    "cv32": "freeze",
    "cv33": "ignore",
    "cv34": "freeze",
    "cv35": "freeze",
    "cv36": "freeze",
    "cv37": "freeze",
    "cv38": "ignore",
    "cv39": "freeze",
    "cv40": "freeze",
    "cv41": "ignore",
    "cv42": "ignore",
    "cv43": "ignore",
    "cv44": "ignore",
    "cv61": "freeze",
    "cv62": "ignore",
    "cv63": "ignore",
    "cv64": "ignore",
    "cv65": "ignore",
    "cv96": "ignore",
    "cv97": "ignore",
    "cv98": "ignore",
    "cv99": "ignore",
    "ss01": "ignore",
    "ss02": "ignore",
    "ss03": "ignore",
    "ss04": "ignore",
    "ss05": "ignore",
    "ss06": "ignore",
    "ss07": "ignore",
    "ss08": "ignore",
    "ss09": "ignore",
    "ss10": "ignore",
    "ss11": "ignore",
    "zero": "ignore"
}